RA,DEC
240.1514,-0.176
240.1515,-0.1783889
241.7177,-0.005222222
193.7892,-1.091583
168.4995,-0.7365834
183.0014,-0.7706667
183.0031,-0.7663611
183.0025,-0.7696944
220.6742,-0.6349167
230.9355,-0.8315833
167.4647,-0.3173333
187.174,-0.3368056
212.7709,-0.3195833
213.6206,-0.3751111
216.2386,-0.3748889
236.163,-0.4181667
244.9534,-0.2866667
245.2943,-0.3973055
245.2956,-0.3966945
248.4136,-0.2155833
248.4145,-0.2184167
207.9054,0.1654444
212.8154,0.11725
241.6638,0.03491667
175.1962,0.5119166
175.1972,0.5144167
180.9675,0.5298055
180.9688,0.5296667
207.9827,0.5499167
244.2827,0.4484167
204.9705,0.8400277
19.20092,13.45697
22.66083,13.21283
22.65883,13.21475
19.06617,13.64958
19.06696,13.64961
24.27821,13.24875
25.75396,13.64006
9.884459,15.22267
26.30704,14.42933
22.13867,15.43494
26.59167,15.16481
53.58025,-7.587806
37.21637,-9.056139
46.67887,-7.972694
48.81575,-7.770195
53.531,-7.182611
197.0457,-3.430778
160.7692,-2.731889
160.7681,-2.7325
185.022,-2.938083
187.1683,-3.024917
189.4317,-2.620056
173.0822,-2.126555
177.9436,-2.119361
191.1599,-2.118222
184.607,-1.721083
178.8939,-1.358583
181.8296,-1.288444
173.4942,-3.605028
173.4955,-3.602278
175.877,-3.599333
195.4016,-3.516917
200.9279,-3.46825
177.0958,-3.2665
193.2264,-3.303389
195.9775,-3.107278
196.2316,-3.285111
176.9117,-2.821028
178.1399,-2.715917
178.4968,-2.7925
190.0555,-2.008806
191.5399,-1.929417
191.5367,-1.929417
198.3525,-1.836694
177.9397,-1.552556
194.8219,-1.574389
198.5431,-1.575806
200.325,-1.534639
141.8435,-0.8271111
143.4102,-0.2793333
144.9203,-0.2351389
146.3735,-0.3651944
145.8892,0.06858333
129.8582,0.5789444
155.1447,-2.435528
144.294,-1.753417
164.121,-2.325361
147.8646,-1.548333
150.8636,-1.545583
150.8611,-1.547778
150.8626,-1.548111
153.8038,-1.7035
153.8053,-1.705111
156.4487,-1.741194
156.4477,-1.740444
151.3039,-1.105861
153.619,-1.290083
157.0771,-1.368917
160.5228,-1.407972
129.7944,50.1985
132.964,52.47369
135.0927,53.77206
146.2872,58.70903
129.4863,50.53728
146.941,59.46783
133.7371,54.55322
153.0009,60.88817
161.8495,62.77594
157.9279,62.87067
251.4193,64.2125
251.4253,64.21183
251.4169,64.21108
256.2786,59.7725
258.725,57.33703
259.0942,56.63533
261.3213,54.02583
254.924,64.61769
259.3066,59.25092
256.2789,62.85903
154.8575,63.1485
190.5281,66.16505
202.3824,65.32411
128.4138,51.86847
152.1757,62.83545
154.8237,64.01153
190.8162,67.02795
215.8063,63.96897
215.8112,63.96806
136.0208,57.76953
199.6488,66.88303
218.8921,63.55906
120.4372,47.06464
124.4009,50.83853
127.5208,53.35233
172.5323,67.58625
138.2682,60.24492
138.2506,60.2513
183.6296,68.36019
194.9952,68.05861
208.004,66.83869
212.1362,65.97617
219.8169,64.39944
261.3299,58.81744
262.1057,57.54439
260.6045,66.09969
264.4423,58.96172
115.7818,40.31483
120.7969,46.10372
120.8152,46.97836
123.4488,49.68533
229.4306,58.65011
240.6704,52.23895
170.6769,66.38378
170.6905,66.39225
226.7145,60.31972
144.2477,61.12261
180.4826,67.35358
217.566,63.65556
139.1811,59.775
231.1268,59.44444
233.691,58.46695
233.5655,58.38267
200.3308,67.61372
167.4186,67.73497
238.2941,56.8495
126.9831,52.45683
246.1187,48.59667
255.1013,38.34689
249.5322,45.80308
254.5728,40.07933
247.3438,48.87103
221.3633,1.123861
201.2507,1.781472
224.3733,1.352194
208.0685,2.099806
208.067,2.103028
208.0653,2.102472
232.6112,1.590167
195.4308,3.268556
195.4314,3.267611
162.7169,1.165361
197.158,1.269194
143.1964,1.111972
155.2709,1.522056
183.8392,1.785389
200.432,1.749167
130.3953,1.031639
133.6167,1.202
135.1194,1.289472
155.3621,1.884861
180.9532,2.100972
225.0396,1.542944
159.1366,2.365111
166.4463,2.441222
171.321,2.450194
193.7145,2.637889
202.3803,2.451056
145.5384,2.470528
144.434,2.760806
144.4305,2.756917
167.8058,3.324
172.461,3.316167
212.7654,3.054222
227.216,3.06975
228.347,2.94125
222.1203,4.054667
227.7236,4.207445
233.2303,3.769972
217.1286,5.246695
318.8798,-7.459667
309.8848,-5.807278
315.8328,-6.761861
324.9721,-7.747889
335.8389,-8.941611
331.8322,-8.128445
326.4582,-7.062278
330.7299,-7.490305
331.6849,-7.692528
333.0904,-7.34175
337.7792,-7.847167
354.1531,-11.04328
356.9468,-11.11183
1.817708,-11.07031
19.64483,-10.90192
25.90754,-10.61197
26.20008,-10.46042
42.82767,-9.052889
25.59875,-10.18953
32.29704,-9.545584
4.707708,-10.36847
15.43237,-10.12011
40.53725,-8.564222
59.39083,-6.093028
354.5702,-9.722139
36.29942,-8.411917
40.36067,-8.146277
44.45846,-7.678639
59.19529,-5.272833
5.320333,-8.973083
12.49675,-8.892222
12.97533,-9.019083
15.93842,-8.962111
15.93583,-8.9635
311.5229,-7.16075
317.6083,-7.455639
310.1945,-5.628445
328.294,-7.590861
0.04966667,14.09
1.54525,14.02533
332.9299,12.35947
334.9458,12.57803
359.944,14.41536
324.5864,11.34867
354.0521,15.00486
335.3554,13.76892
339.9384,14.41469
317.347,11.36844
317.3478,11.36881
339.2034,14.69897
0.6162083,16.08131
5.0635,-10.99217
15.84737,-10.85347
15.85025,-10.85506
358.5575,-10.39042
21.35438,-9.324917
358.7488,-9.248055
1.38675,-8.853556
10.61654,-8.742167
27.13471,-9.457027
26.96596,-8.614667
23.19675,-8.424111
34.26588,-8.754444
119.8838,37.887
128.917,46.49364
128.9211,46.49436
116.3614,35.15739
116.3651,35.21569
113.5005,32.21575
352.2551,-8.9455
357.795,-9.224444
30.10633,-7.941444
125.7842,1.885111
125.785,1.8865
127.1459,1.877722
129.0067,0.9537222
151.1073,2.016278
151.1083,2.015639
128.6375,1.672833
156.9307,1.191028
157.3017,1.346361
169.0427,1.511222
171.5365,2.228055
171.536,2.226972
166.8837,2.743833
166.8853,2.74625
166.8856,2.744361
168.3171,2.632694
168.3166,2.631028
171.242,2.666055
173.8885,2.765361
167.521,3.476694
116.4162,34.23492
121.0931,40.64858
114.5324,34.09186
177.097,63.53947
188.2214,64.14747
125.9584,1.93375
122.8764,2.102333
122.8752,2.101361
163.2399,4.341667
147.4028,4.116278
153.7244,4.354306
157.1574,4.979611
165.4228,5.7405
123.6528,38.56436
122.5032,38.08925
111.8504,27.75625
216.1881,62.35608
216.1881,62.35744
224.8455,59.84956
139.0475,49.65258
140.6379,50.43533
148.59,53.65136
112.2723,26.91694
149.1997,54.38925
112.6284,28.27294
122.6585,39.43778
123.9155,40.33992
125.4456,42.23378
125.452,42.23314
149.912,0.5868056
149.916,0.5868889
151.9484,0.5673889
154.1688,0.468
161.2633,0.5407778
144.3233,-2.790056
148.9938,-3.028139
148.1329,-2.446944
148.9438,-2.526028
148.9407,-2.528194
144.7899,-1.20425
145.1656,-1.248611
146.2506,-1.309667
146.2481,-1.308639
167.9252,63.4873
171.2072,64.65064
166.8063,65.09811
192.1812,3.994056
193.1593,3.928917
227.5363,2.83375
197.9615,4.408444
205.9668,4.164694
209.2259,3.933667
191.8349,4.807333
198.9122,4.771695
208.8201,4.457056
239.9433,2.688611
240.1785,2.655222
229.8497,3.791667
212.5076,5.087722
212.5888,5.270306
228.8031,4.374833
189.8195,6.087972
238.992,53.729
238.9914,53.72792
226.6259,60.59453
241.2065,53.43858
245.4178,50.27394
248.3481,47.31744
247.4474,49.0822
256.2745,39.03753
203.6958,57.40047
203.6968,57.39997
176.2308,58.47794
127.1305,41.57769
131.1956,44.74231
153.366,55.09308
171.1218,58.52278
172.1392,58.56281
172.1313,58.5643
139.2585,50.04572
139.2547,50.04625
127.8799,43.389
146.8159,53.82394
146.8241,53.82203
148.5407,54.94528
169.2267,59.53081
178.3192,60.40786
165.1868,59.38911
184.3353,60.88317
187.5032,60.86878
243.7414,46.73033
235.6908,53.3195
249.5586,41.9388
249.5542,41.93975
257.455,32.29922
261.4526,25.89325
261.4529,25.89156
255.1651,35.50664
243.0907,48.64542
259.5289,29.99603
259.5287,29.99486
232.5747,55.61431
240.0192,51.79661
240.019,51.79805
256.375,35.27286
256.8177,34.82386
244.9735,42.43756
247.119,41.21994
255.8105,31.45467
254.9549,33.9943
249.397,40.8785
249.5878,40.81722
229.387,1.151333
232.5801,1.721
250.469,38.82619
255.6691,33.52031
258.9132,29.07378
261.0983,25.60861
204.1845,-3.497917
204.1834,-3.500861
205.1151,-3.114889
203.2073,-2.709583
208.8905,-2.666361
212.55,-2.557444
206.6511,-1.718889
209.0999,-1.785056
205.6623,-1.464833
207.4845,-1.342306
206.8333,-3.163722
218.5038,-3.063472
226.8127,-2.745111
203.9329,-2.887056
222.335,-2.463444
219.6996,-1.809861
230.7526,-1.337694
233.1582,-1.397611
206.242,-1.496333
210.6756,-1.200111
257.467,34.26859
221.3832,-2.743472
223.4829,-2.795944
233.2976,-2.311333
215.2999,-1.645556
222.711,5.119639
222.7155,5.120417
228.5373,4.714417
211.9437,6.387389
219.8516,5.950639
233.0968,4.625805
228.359,5.6615
222.8514,6.801417
222.8519,6.797945
222.8491,6.801111
341.447,13.03903
348.2089,13.65625
333.9782,12.61519
351.0536,14.35486
351.0514,14.35372
0.2649167,14.57894
318.5292,10.60606
338.513,13.55794
346.1267,14.2805
359.2684,15.106
359.9528,15.02319
346.8708,14.83364
1.47475,15.89486
336.9643,-10.09186
333.5733,-9.192306
334.108,-9.285194
344.5476,-10.09358
332.4637,-8.787139
332.4632,-8.787945
333.8901,-8.8285
333.891,-8.829473
335.5143,-9.049055
335.7044,-9.0395
254.1011,73.6812
256.212,72.13123
256.2053,72.13089
256.2188,72.13319
265.8767,55.5773
260.6003,68.69664
260.6062,68.69991
260.603,68.6962
267.7509,51.55455
266.4706,60.82294
265.452,65.8243
265.4497,65.82539
267.8171,60.18158
268.0879,59.61364
268.0905,59.61319
268.4504,57.3805
265.5101,68.04197
265.9699,67.0098
265.9712,67.01056
325.9,-1.059028
325.8995,-1.060861
317.8011,-0.6406944
322.2525,0.1839167
321.4577,0.9403055
325.8289,0.9946945
316.7056,-0.85825
318.1992,-1.045111
318.1988,-1.042167
318.5183,-0.01122222
334.1678,-0.9666389
334.1681,-0.9676389
5.433167,-0.8536389
6.7815,-0.8417222
6.782042,-0.8391389
326.9571,-0.5336944
329.9471,-0.4456389
4.621333,-0.53925
9.919375,-0.5596945
14.84271,-0.5276667
351.2577,-0.0003888889
351.251,-0.002222222
356.1931,-0.08905555
7.228542,-0.07305556
5.536208,0.3668056
0.7059583,0.7518611
13.97779,0.6580833
340.6111,1.195278
5.757333,1.183306
146.6025,50.4173
155.0917,53.25919
153.9394,53.40139
157.0368,54.31589
162.3424,55.88925
16.33054,-1.011833
50.18921,-1.044722
29.56729,-0.5225
54.86354,-0.477
18.48792,-0.1930556
18.92033,-0.1405833
21.55142,-0.02463889
21.55033,-0.02413889
35.75942,-0.1436667
43.80092,-0.1835556
43.79871,-0.18525
43.79562,-0.1785556
27.04725,0.337
32.95171,0.2781389
35.41696,1.163417
42.29438,1.182833
132.74,40.19217
116.8493,27.53431
138.9864,44.32708
117.8669,29.72986
120.7418,32.49495
127.5877,36.77419
130.2195,38.64636
137.8259,43.46106
139.2887,44.81503
145.7805,47.84622
134.0088,42.26961
136.5036,43.93872
139.6639,45.50564
122.5839,34.50245
139.1939,45.81256
139.1943,45.81544
141.1322,46.84564
142.615,47.32084
176.7564,53.78281
181.2558,54.06717
181.2541,54.06794
183.543,54.52206
187.6519,54.44855
155.5249,51.07994
163.9375,53.49175
166.5806,53.92203
175.7411,54.95742
175.7432,54.95605
185.1662,55.38558
156.9997,52.49283
158.42,52.79731
170.555,54.95683
158.2215,53.11492
170.0409,55.22986
170.5567,55.29978
116.1244,28.78944
125.2539,37.71197
124.489,36.73231
114.5246,27.1307
118.6034,31.79447
116.8536,30.39894
122.7342,36.82814
127.415,40.95664
175.5279,56.1917
170.4598,56.5335
186.8447,57.40242
192.728,57.23328
191.9518,57.63228
194.4303,57.52978
169.5598,57.2038
178.3991,58.12544
182.062,58.10808
141.8464,47.86314
143.448,48.64906
138.0723,47.58055
131.0633,43.30842
138.6682,47.69322
138.6644,47.69142
136.4785,47.18297
134.7648,38.64397
143.5602,43.7615
119.4991,28.31094
127.2282,34.64903
127.4604,34.76389
134.6899,39.51014
135.5292,40.11228
136.6733,41.81425
136.6668,41.80983
136.6722,41.81142
180.8252,51.40128
183.266,51.64753
183.264,51.64706
180.8911,51.80589
195.92,51.49506
159.8322,49.64
165.5157,50.82883
173.4713,51.82911
154.2694,48.48722
169.4075,51.77242
151.9056,48.3978
151.9066,48.39344
151.8273,48.37864
151.6905,48.62739
139.4997,40.00667
149.7796,44.79586
139.7201,41.11022
139.7148,41.10733
139.7182,41.10742
145.9026,43.92153
149.9726,45.27286
126.1724,31.10186
120.0006,27.15003
118.7496,25.07444
132.0403,35.25895
132.0409,35.25986
123.1773,29.60444
133.2843,37.22217
133.5419,35.54347
141.0,39.51258
185.9256,49.15486
213.3711,45.323
221.543,42.77497
230.3523,38.79358
233.6494,37.14525
144.0917,41.46933
174.3471,49.01792
174.861,48.95592
201.0469,48.29183
218.1763,44.455
218.18,44.45494
137.3622,38.69067
154.4713,45.53364
170.3417,48.98539
197.9292,49.26125
204.5713,48.2767
160.3631,47.71383
164.4687,48.51864
174.867,49.81183
130.9361,35.83311
185.0575,50.64892
190.3051,50.60617
218.9312,45.38066
221.8509,44.52922
226.6386,42.64117
153.3468,46.66669
141.6713,4.790222
144.45,5.038333
144.4497,5.037361
144.5495,4.899694
133.9824,4.832111
151.1822,6.431389
158.4733,6.867917
164.1641,7.122361
126.5293,4.455806
146.3856,6.389111
151.5077,7.19125
152.1456,7.156
166.4465,58.45681
167.0679,59.05517
182.7585,59.11825
182.6904,60.26958
205.4314,58.75
198.7016,60.09036
150.6157,5.253389
176.1478,6.430222
162.5468,6.377167
155.4918,6.371778
160.9695,6.757028
123.2849,3.820694
135.4341,5.210722
144.8018,6.160056
162.9311,7.293056
165.1295,7.27125
167.0021,7.442584
153.8858,7.081666
161.9781,7.646167
175.6375,8.13825
183.0535,8.812667
149.0245,7.31675
149.0213,7.317555
187.0381,9.174861
139.2375,6.795472
154.5822,8.349667
155.5653,8.376361
171.035,9.345722
150.6524,8.3805
155.3301,8.899445
155.7645,8.88425
176.5588,10.00333
177.2026,9.995861
177.205,9.994805
142.7998,8.019472
145.7818,8.312222
185.7414,10.54917
173.2243,10.67014
177.5807,10.834
194.4883,53.52464
196.3246,53.24242
190.9395,54.89153
196.8643,54.44692
209.276,52.59356
191.2632,55.26908
199.2175,54.62311
181.137,55.80411
192.2283,53.79278
192.1885,55.03875
241.4274,37.17717
204.2687,53.21314
243.7259,37.18714
246.9939,34.54245
233.696,44.48986
216.8103,49.52639
213.9165,50.7142
224.017,47.39278
234.626,42.20555
202.0183,53.70755
232.3364,43.92303
238.79,39.98806
239.0698,39.86078
209.158,53.23692
238.7188,41.26769
221.7543,50.12206
206.4445,57.35322
208.5638,58.69067
217.1824,55.34697
230.5094,50.17442
230.2808,50.67205
220.2085,55.46381
259.0449,21.91467
249.2782,32.90022
249.2788,32.89889
229.0916,47.476
240.4356,42.45972
222.9295,52.68939
246.273,39.76356
250.8157,35.16114
213.1422,57.17844
252.3087,34.42033
225.6913,53.51217
247.3954,39.98178
247.609,39.82933
247.6086,39.83033
218.3782,56.61175
240.725,43.32483
244.4635,40.14344
251.7625,33.69861
251.965,33.53006
257.0128,27.53222
257.2212,27.49906
259.1712,24.60811
239.4052,45.52178
244.5067,41.3237
244.0463,42.39953
330.4698,-1.171917
335.5054,-0.7310278
335.9929,-0.8226944
336.8357,-0.6791667
331.6462,0.05644444
331.6458,0.05769444
335.7996,0.07147222
335.8004,0.07055555
336.3166,0.6188333
147.5983,40.09267
119.0875,23.67764
146.6,40.26214
135.1122,35.31172
138.6115,37.16542
146.7077,41.05839
154.1687,43.67197
154.1466,43.75134
138.8447,6.929056
138.4882,7.331361
114.4044,19.67203
147.0891,7.023445
147.479,7.022417
148.2928,7.873806
153.4856,8.439944
153.4862,8.439111
186.6232,9.019222
186.6196,9.021944
165.3429,9.30725
165.0796,10.04742
165.072,10.04689
179.543,10.68556
165.2392,10.50547
181.796,11.14247
142.8116,8.577389
145.8565,9.008667
146.7227,9.086611
160.5516,10.63192
160.5528,10.63464
151.5611,10.65175
152.3888,10.68308
148.954,11.04653
160.7059,12.4725
160.706,12.47433
163.0327,12.54689
137.3329,33.12131
113.3474,16.92881
125.6743,26.72225
140.9914,35.48136
144.8672,37.15636
120.9106,23.86492
125.132,26.78058
141.587,36.99014
114.1393,17.53572
113.222,16.7435
147.5437,37.49675
147.4172,38.3382
125.9779,28.10317
125.9793,28.1085
146.9512,9.428111
137.5035,8.376333
140.4994,8.915472
146.4314,9.817111
148.4804,10.41136
129.508,7.893
133.4881,8.794861
146.6635,11.20478
149.6019,11.58661
159.8455,12.99128
190.027,14.19972
124.8917,7.241639
126.5135,8.146556
128.0605,8.348444
144.5397,11.54667
172.0229,14.67206
188.1892,15.06692
170.1606,15.53903
170.1603,15.538
186.7731,15.88181
209.7869,46.02069
191.5847,49.45611
202.0256,48.796
209.948,47.40205
188.6083,50.06786
188.6113,50.06858
194.6861,50.473
194.6888,50.47064
210.4641,48.06094
210.4624,48.05925
213.1105,45.69042
213.125,45.69275
215.0398,45.14431
230.8864,38.73908
227.1969,41.57233
227.3862,42.03003
233.9745,38.67547
146.0415,34.66447
151.6635,36.65358
139.9758,32.93419
149.338,36.8768
149.3231,36.83325
208.4604,54.12922
197.87,56.24883
197.7062,56.649
205.4215,55.67194
205.417,55.67689
205.4323,55.67378
232.4463,46.49419
252.0788,31.43875
212.6099,54.61022
249.4977,34.57914
251.7954,32.12153
198.2697,57.63464
240.4501,42.79
212.0033,55.72936
220.2552,53.33619
195.322,55.9958
196.564,55.76233
173.3758,56.74483
177.1578,56.94756
211.0458,54.4227
221.2231,51.34108
198.1589,56.85172
214.0505,54.88803
225.7418,39.35042
225.7406,39.35039
254.0067,21.216
256.0341,19.36114
231.4347,37.83258
206.2149,10.58267
216.0904,9.976778
231.3392,7.955917
206.5818,11.43503
212.2086,10.93142
217.0517,10.39386
210.9104,11.38878
235.9166,8.157778
233.721,8.901584
208.9223,6.011528
213.7268,5.67825
213.7248,5.680806
205.1309,6.960667
208.5301,6.708055
213.8431,6.5075
219.2108,6.139278
206.531,7.385389
213.4113,7.660444
213.4138,7.658472
211.741,8.236527
211.7378,8.236028
226.5023,6.720722
225.8347,7.608778
228.2189,7.509278
224.6111,8.208028
227.9791,7.910639
235.6573,6.85775
201.707,10.55831
204.6292,10.41194
207.9914,10.07358
226.4225,5.094528
230.6696,4.705194
229.5762,5.306611
231.0314,5.136445
231.0295,5.137583
235.3651,4.739222
227.9868,5.752806
229.9072,5.680861
224.1658,6.460694
224.164,6.465861
212.1819,38.47547
219.6517,36.27056
227.56,33.56889
255.7675,16.3
255.7708,16.29422
255.7728,16.298
255.766,16.30153
226.7295,34.55108
227.0242,34.38881
227.0249,34.39089
232.7461,31.66367
232.7485,31.66389
234.9997,30.66692
237.5408,29.18533
251.6564,20.57472
214.1358,39.59172
231.5386,31.51006
237.6087,28.579
236.2085,29.6405
242.4709,26.62019
244.8921,29.81867
243.1884,32.29917
244.7145,30.23094
250.0273,26.6025
240.6544,34.40203
242.1622,33.31936
246.2292,30.39875
246.4587,30.19792
196.7615,13.63733
195.9867,14.90872
211.8086,12.80289
222.3939,11.24811
222.3956,11.24867
221.1122,12.25772
218.5882,13.21075
213.7024,14.12803
226.1647,11.08058
231.7394,10.15006
237.4798,8.863334
226.1033,11.58986
235.8206,9.723083
231.4359,10.93628
247.0417,7.674806
247.4678,24.44044
241.2707,29.09372
219.8519,12.36914
225.1042,11.55172
236.9165,9.674556
240.6918,8.875195
247.248,7.450889
215.6448,13.71736
245.4839,25.68864
250.5896,22.36503
243.7315,28.25089
212.1313,35.73553
221.4715,33.48233
230.3091,29.92978
229.5033,30.71095
220.5159,34.58603
236.5785,27.96294
237.5331,27.46972
238.1301,27.64167
217.4533,33.14078
218.9241,33.13892
222.8141,30.47253
222.8141,30.47389
223.549,30.20953
226.9436,28.81997
229.9506,27.77783
234.0585,25.895
232.3757,27.20242
223.3129,31.11928
227.2002,30.17056
237.3217,25.62642
242.0458,23.33614
243.1797,22.74753
247.3825,20.32794
248.6499,49.22172
255.5321,40.79683
257.4509,38.1795
259.5372,34.46453
245.204,53.28828
245.2023,53.287
258.099,37.83997
259.1111,36.25845
259.1103,36.25925
243.2888,55.36872
243.2909,55.37061
259.7961,36.06031
259.7986,36.06105
252.3871,47.6263
257.5405,40.85233
233.8513,62.50417
111.6847,37.38722
111.6833,37.38522
112.0613,38.27325
114.3725,41.738
114.3727,41.73969
128.6134,56.14925
121.3464,51.78353
117.8048,45.81461
127.3124,54.94389
109.491,36.28228
127.7873,57.82508
110.9232,40.04655
115.0107,46.33214
125.1167,56.74897
111.3066,41.51642
117.0428,50.42564
120.1157,54.10909
125.8124,59.67308
128.4359,61.59947
131.6132,63.77308
131.7952,60.494
112.8802,42.41031
113.511,43.54361
122.3481,53.95919
126.5397,57.55019
117.828,50.23547
111.9772,44.10175
113.3257,46.34903
138.5558,66.18667
146.6821,68.83581
146.8888,68.75989
124.8058,59.32636
126.86,23.56875
127.5397,23.96767
120.5951,20.13369
150.861,11.55592
160.7655,12.86492
175.2859,13.78011
159.8438,13.00006
161.116,13.27514
174.743,14.21503
144.1082,11.33064
150.9493,12.47197
155.427,13.11497
148.9275,12.58925
149.6329,12.54008
143.895,12.22583
155.4788,13.90039
167.1682,15.09169
120.7011,6.416417
120.6983,6.415
121.7415,6.709084
121.7397,6.709861
121.8542,6.860889
127.8234,8.1395
119.7749,6.734694
120.8416,7.059417
120.841,6.997889
120.8392,6.999028
120.8424,6.999166
127.7217,8.625444
132.7447,9.697972
184.4566,14.07931
188.7435,14.09836
201.7958,13.46564
198.4546,14.15797
205.4183,13.50386
193.4392,14.75103
181.4741,15.32233
192.4836,15.27639
205.0731,14.36531
191.4362,15.69881
192.1128,15.58339
208.1125,14.49217
208.3938,36.54275
198.7152,38.69589
193.709,39.61133
203.6362,38.33397
149.4555,30.82278
170.4128,35.39322
152.8664,32.63575
159.0148,35.15242
161.209,35.60511
177.4526,37.71592
155.7353,34.78236
162.1113,36.25156
163.013,36.32686
154.4865,34.814
168.5443,37.87444
131.524,25.91517
137.1831,28.79508
128.0843,24.50339
122.4488,21.62131
129.5999,25.75192
131.5688,26.85892
185.2074,40.28531
141.1086,32.06914
156.4031,37.22231
186.872,36.69708
192.3058,38.21314
169.007,35.41203
175.5483,36.09261
179.4785,36.39275
179.4743,36.38886
198.6667,36.58447
173.4338,37.30903
167.551,36.96478
175.7664,37.80686
179.0508,38.54644
187.7328,38.60044
192.8416,38.45881
124.3454,20.16439
135.1998,26.02733
115.8656,15.33969
130.1056,23.88139
133.7686,25.76303
141.856,29.42211
141.8941,29.441
127.7233,23.17661
210.4255,33.8215
203.9818,35.85178
208.5318,34.97903
215.3161,33.31611
216.151,33.246
229.2034,28.63381
217.163,33.39597
217.9784,33.63614
232.0699,28.38711
239.8884,24.76042
234.4798,27.91503
234.4831,27.91378
237.5125,26.42508
237.6497,26.30228
240.3526,24.92169
129.2968,23.19842
122.479,19.76547
142.06,28.30831
157.2946,33.27031
135.6736,25.93869
164.5213,33.24328
171.1385,34.52936
204.6872,32.3685
176.953,34.68286
207.3901,32.89806
173.2528,34.7625
200.6799,34.40964
202.9943,34.06583
198.7033,34.88144
172.3212,35.57572
200.3691,35.25883
201.4389,35.10589
122.8527,17.89764
125.1887,19.36275
133.6178,23.50558
138.4442,26.08119
234.9937,23.59347
231.5852,25.51894
208.4876,33.50908
222.0075,29.91545
222.0079,29.91372
229.1127,27.54089
233.6633,25.65303
221.3228,30.55878
248.7661,16.61622
248.6855,17.11439
200.4891,32.83781
218.4949,29.14467
156.8223,30.94814
188.0018,34.15853
188.0035,34.15889
223.1392,27.96725
225.7957,27.19864
123.4704,18.09353
162.4795,32.99083
162.4573,32.98422
162.4583,32.98011
193.5491,34.79436
200.1457,34.14194
221.9904,29.38619
230.048,26.52331
116.0339,14.74111
212.6085,32.32914
219.4632,30.47972
229.7263,27.12042
234.8646,24.94761
171.7021,35.25089
188.8598,35.93897
200.0408,34.94881
208.3007,33.68884
208.5201,33.58858
217.0948,27.46067
221.795,25.9345
222.51,25.91225
225.0571,25.54683
229.5833,23.87714
218.4453,27.94739
221.597,26.86731
222.5996,26.7075
223.1238,26.491
212.1761,29.88522
183.185,31.44836
209.7278,29.57681
194.235,32.44781
195.6929,32.45492
185.4928,33.26053
190.0018,33.18631
201.1823,32.24547
208.5555,31.09995
208.6511,31.37472
248.3622,16.68956
173.4303,31.24644
178.2791,31.66131
185.4102,31.70911
191.0182,31.67544
196.4375,31.20383
162.3624,30.10789
207.83,30.00089
211.5969,29.40369
215.9298,28.34742
202.664,31.28406
161.5975,30.80078
176.6216,33.13922
210.1396,30.8602
216.1413,29.57042
221.595,26.86569
225.0564,25.54881
228.3371,24.49503
163.0657,30.05056
143.2864,25.76558
161.7964,30.72642
174.1675,32.81789
164.2765,31.89294
231.9867,23.12558
245.9514,16.72947
239.7951,20.76219
232.9311,24.072
235.8472,22.84569
197.6727,28.40836
209.6644,26.78022
216.3615,25.34028
224.5007,23.04408
226.0331,22.5197
194.5762,29.12508
227.2433,22.49831
233.8147,20.1935
211.8817,27.22661
224.6263,23.95533
227.9203,22.85703
206.875,28.48769
217.314,26.27708
223.9501,24.59278
223.9461,24.59353
200.0244,29.93442
214.5136,27.46683
223.0782,25.17983
219.0083,24.72314
195.3521,29.30836
210.6194,27.28539
231.26,21.39453
238.4039,18.60967
207.1712,28.23994
219.7222,25.58022
185.3552,30.53169
190.765,30.38111
210.879,27.91828
216.2944,26.70458
239.129,19.16858
190.4074,30.91189
191.5458,30.7212
191.5478,30.72456
194.2622,30.70447
208.211,28.90683
209.2214,24.96597
212.7729,24.19236
208.233,25.48161
218.0484,23.35917
218.1402,23.49319
218.1412,23.49447
205.3243,26.27225
209.6162,25.69806
240.6808,16.66883
246.8383,14.09497
204.6842,26.785
207.1068,26.40994
222.3558,23.34869
236.8918,18.56175
241.2621,19.38664
238.1296,21.63997
205.385,25.31747
207.4414,24.97644
214.2944,24.16489
233.9796,18.44861
245.1243,14.272
246.0145,13.73011
205.0565,26.5652
214.3531,24.89817
222.1877,22.9908
227.989,21.50442
215.9812,24.97653
244.5609,12.79558
249.5664,11.57003
210.1848,23.68836
221.1541,21.39347
224.5413,20.53617
226.9538,19.91647
246.666,50.69656
247.4139,50.23828
253.7447,43.06097
256.549,39.69689
256.6932,39.41145
259.5161,34.78253
259.516,34.78358
260.3456,33.72472
260.3446,33.72347
260.5226,33.07742
260.5221,33.07928
250.7223,48.17708
254.68,43.61256
244.1829,55.15172
253.0836,46.46511
253.0804,46.46869
258.5874,38.56681
242.8147,56.92708
256.388,42.85964
260.2747,36.79108
238.3515,60.957
243.0273,57.83936
243.0281,57.83822
248.3091,53.47822
248.3116,53.47786
252.3697,49.02986
252.3707,49.02945
257.6433,41.65986
258.1239,40.785
259.0763,39.05422
259.1188,39.05994
247.1187,55.44584
255.7404,45.37819
259.2965,40.00475
262.417,34.02969
262.4143,34.03111
232.9041,65.04906
259.605,40.42589
261.5293,36.62903
261.531,36.62881
264.2173,31.16942
248.8259,55.63445
248.8235,55.63364
116.5058,12.66522
125.7591,17.70625
120.31,15.28508
153.4488,28.23195
135.8773,22.13047
117.3911,12.06094
136.7478,20.80086
141.4201,22.32997
141.4627,22.37036
152.4248,25.57378
161.3578,27.50689
163.2655,27.86597
117.4969,12.47719
124.0938,16.20839
127.0587,17.69208
169.6425,29.68672
163.8422,29.31392
149.1874,24.04897
149.1874,24.05075
159.462,26.65589
189.324,28.97714
126.8677,16.39211
161.3387,27.32286
187.9165,29.77345
116.7633,12.32161
116.7619,12.32083
129.0813,18.32058
181.0025,30.76589
174.2455,30.67003
180.4526,31.09958
180.453,31.10064
185.5875,31.12797
170.474,26.08994
173.7417,26.3807
183.9827,26.66392
191.6074,26.71106
174.2786,26.74592
174.2772,26.74503
176.0507,27.00225
189.2984,27.03619
196.8683,26.7255
196.8623,26.7225
174.2721,27.26394
170.3804,27.68747
175.6296,28.13356
201.5704,27.50383
154.7768,23.30983
128.4812,15.5435
128.4806,15.54458
156.9615,24.17986
166.6242,25.80753
176.0512,27.00328
142.6727,21.45614
147.5059,22.67747
170.4249,27.10169
173.9712,27.42117
144.4645,22.43728
165.0266,26.72269
185.8542,26.51986
195.0737,27.95528
201.9599,23.10322
175.68,24.15806
177.0693,25.94433
179.1911,26.10953
179.1919,26.10872
132.7732,15.13411
118.8747,10.43108
118.8779,10.43094
118.876,10.42958
140.9924,18.23145
163.2497,23.08603
162.628,23.4915
162.8553,23.52142
152.1869,21.97319
164.8255,24.54297
164.8278,24.54217
149.0963,20.47742
149.0923,20.48233
147.3805,20.62669
163.4093,22.97775
161.2977,23.52039
163.7244,23.73975
167.4769,24.25692
167.4624,24.26283
169.8327,24.60603
158.5488,23.42092
161.3177,23.86128
171.5159,25.18033
172.3837,21.08028
173.4845,21.09419
193.1673,21.41672
229.2523,15.56642
168.9383,21.27583
169.7629,21.18369
174.1206,21.59625
174.1223,21.59772
219.1993,18.34264
163.3633,20.9782
182.4822,22.29458
229.2668,16.32733
233.6462,15.20297
132.735,14.47942
153.502,19.77067
159.2895,20.82122
215.9201,19.9383
132.1983,14.28872
158.4289,21.12775
199.1833,22.56908
201.1297,22.47944
185.0493,23.72194
132.7839,13.499
206.106,20.4143
155.067,19.42856
175.8869,21.902
184.2762,22.17653
118.4025,9.396
155.8703,19.90542
190.311,22.59444
216.1125,19.71636
231.6607,15.92889
133.0961,14.88411
135.8605,15.63825
140.832,17.08172
200.6098,22.23403
150.4146,19.79239
159.2045,21.42722
173.349,23.09761
178.788,23.29508
188.4982,23.41197
169.0315,23.48564
172.8959,23.70142
187.7642,24.15553
214.603,21.2303
169.2205,23.84544
173.4634,24.58172
188.6041,25.052
200.4346,24.31267
207.4733,23.45475
207.472,23.45747
207.4737,23.45483
166.7893,24.473
209.8255,23.44994
171.5395,25.3435
213.8276,23.14647
204.8763,18.41639
222.0504,15.56539
226.9275,14.62678
199.4329,19.27872
226.296,15.15897
237.4116,12.33069
205.6405,19.22814
224.6412,15.93983
249.3549,9.370389
207.7092,19.32755
218.6467,17.53211
163.6175,17.75803
159.2504,18.13589
152.1468,17.29314
160.6225,18.60736
160.7058,18.66706
164.5673,19.16319
166.837,18.43505
162.3994,18.29542
163.5308,18.39719
177.7551,19.48986
165.216,19.49236
170.8827,20.01467
166.4353,19.96392
171.4193,20.38208
172.7636,20.47547
192.9084,18.62644
205.944,18.02364
181.387,19.71783
216.5351,16.90328
216.6211,16.85731
180.137,19.94431
211.2768,18.12422
182.1647,20.43542
202.8319,19.68589
226.9055,15.59625
208.646,19.356
249.4244,8.977389
207.0616,15.43064
206.4677,15.845
205.1541,16.75811
208.6945,16.93494
210.8298,16.6305
216.3429,14.19069
217.7974,14.35658
236.074,11.07575
247.5418,8.258445
247.5423,8.256639
234.1451,11.91772
236.0545,15.58158
238.1911,16.27403
244.0805,13.96853
247.1692,12.76558
247.1723,12.76356
205.3198,15.79119
221.8119,13.45642
221.8132,13.45742
223.6361,13.03386
230.0357,11.87342
234.7585,10.86239
218.0293,14.51539
218.0299,14.51389
247.622,7.97875
247.6224,7.980972
228.1234,13.04142
217.0805,15.42078
217.0821,15.42197
238.139,11.24597
257.3734,42.53972
257.3709,42.53775
261.4125,35.20653
263.0391,34.14058
239.5074,13.51589
168.1383,15.70289
165.9219,15.77686
199.6679,16.24797
201.2001,16.14525
170.516,16.67295
171.6715,17.14022
165.6536,17.09544
174.4334,17.81642
183.0573,18.09592
190.0342,18.05544
163.3695,17.1965
190.7758,18.36136
240.9427,59.23936
247.0908,54.40611
247.0925,54.40578
248.5598,52.82769
250.4424,51.01475
254.9912,45.99172
245.4247,57.97086
245.4263,57.97072
242.9451,60.58092
246.8416,57.60778
248.7537,55.89825
254.9579,48.82581
254.9561,48.82695
256.625,46.80272
168.9464,15.82333
170.8157,16.52975
189.9063,16.58853
192.159,17.33881
193.6722,18.07531
185.3667,4.881917
187.2066,6.146778
123.6862,12.59039
117.9275,10.63864
124.5928,13.19514
127.6123,14.37886
136.1451,14.59342
136.144,14.59789
136.147,14.59411
143.1605,14.50069
142.6111,14.65367
142.6099,14.65486
129.3137,11.69261
148.7418,16.45958
156.7534,17.81705
129.6273,12.16014
139.598,14.94114
155.8149,18.13014
141.9355,12.28819
120.439,7.277805
134.6623,11.44742
121.0994,8.435472
132.273,11.24647
135.4892,12.07642
148.5988,14.74311
148.2568,13.20228
153.128,14.46003
120.6373,7.555917
123.9189,8.563945
149.4165,14.26139
154.2454,15.01542
131.8524,11.05922
159.581,16.24508
243.428,18.60186
164.0649,9.34175
212.4024,61.20147
137.4703,54.57428
150.4838,59.85695
241.5691,48.9455
241.8688,48.78772
241.915,48.57289
251.6222,39.37289
251.9375,38.96975
255.2989,35.85281
116.728,39.01333
116.7271,39.03639
117.4137,39.71894
147.3358,59.87355
195.9158,65.0095
228.8067,57.59072
242.6804,49.26731
121.8678,45.2235
136.1532,55.59758
256.0906,36.16497
232.0884,57.04683
235.5802,55.23433
134.2645,49.17081
131.6563,48.29694
144.1553,55.44889
136.1268,51.94444
132.9942,50.87186
132.9928,50.87094
169.8715,60.83689
169.8693,60.83805
151.365,58.63064
156.6852,60.41197
156.6873,60.41258
184.373,63.51628
133.8112,49.19425
132.5931,49.17942
132.5886,49.18064
132.9167,49.26008
136.0707,51.06067
137.0115,51.793
134.7555,52.03628
138.7589,54.16986
140.2576,2.693611
166.1297,3.715278
184.5871,4.141028
184.5839,4.138195
126.7238,2.149972
135.0051,2.732056
149.792,3.598111
126.8907,2.457972
126.8958,2.459694
137.9037,3.317389
165.2686,4.545055
184.8245,4.901139
126.8832,2.885528
140.3573,3.862944
155.8576,4.756055
120.8134,2.407305
159.9113,5.175722
175.297,5.747028
173.1967,4.134555
176.5396,4.234778
207.7833,3.815083
170.4081,4.626194
197.837,4.899194
197.8374,4.899416
201.8501,4.881611
197.4128,5.319695
193.4824,5.867917
199.9902,5.810306
203.2636,5.628361
171.4211,60.80908
240.5407,47.69922
217.4125,57.75539
198.878,62.12914
198.8725,62.13489
179.9259,63.65939
182.9332,63.72689
221.0942,55.83567
221.4119,56.17216
241.018,47.95925
263.7018,62.47395
263.708,62.47367
258.142,72.40002
258.1507,72.39961
258.4313,72.05019
266.9294,55.90064
268.0523,51.99275
268.7259,49.18906
267.5176,56.67261
257.0173,75.6887
257.0191,75.68747
267.7465,58.36744
267.7443,58.36917
269.0363,54.41767
269.3526,52.63945
269.3571,52.63789
257.3034,76.85542
257.2858,76.8532
257.3041,76.85783
266.1395,65.53983
266.1411,65.54169
268.1714,60.10703
268.2562,59.62019
268.2588,59.61867
269.0998,57.03844
181.3605,51.33967
137.6717,40.53933
168.009,50.4777
190.2176,51.61525
197.9114,50.99653
129.7087,36.29758
129.7112,36.29433
135.0818,39.65464
140.8383,42.6232
166.5157,50.78331
166.5137,50.78358
196.2454,51.564
127.3247,35.08031
132.8955,39.27156
162.9353,51.02508
174.7543,52.63208
174.7514,52.63364
186.0388,52.97322
196.4469,52.53825
133.2657,40.08694
158.2826,50.39492
164.609,51.74628
173.153,52.94769
173.1472,52.94725
178.1935,53.31325
178.3616,53.26742
185.9648,53.49617
185.9655,53.49892
3.797708,-1.19825
4.189917,-1.097861
13.97925,-1.246833
16.25779,-1.206167
6.781042,-0.83825
17.42429,-0.7404444
58.29646,-0.7107222
359.0359,-0.3432778
2.545542,-0.2416667
4.618542,-0.3316945
7.503875,-0.2194722
14.07229,-0.369
41.02329,-0.3541389
43.35571,-0.2314167
49.39312,-0.2643056
56.42513,-0.3784444
351.257,0.0006388889
28.43138,0.1863889
28.53988,0.1253333
59.596,0.2025278
347.0235,0.5731111
2.933667,0.5237222
6.460542,0.4998333
2.135625,1.039028
10.93358,1.037556
11.85079,0.853
20.57308,1.007444
20.57583,1.008222
46.36292,0.8630555
152.271,39.28483
153.0644,39.63894
148.6601,39.54333
148.9973,39.9108
128.0444,27.22069
126.4996,25.47364
128.879,27.45319
136.7258,31.74858
134.1982,30.86031
160.0829,38.78231
149.3788,36.65439
151.0795,37.03022
163.7841,40.46025
162.5883,41.47092
166.2657,44.71455
171.3282,45.53933
178.8928,46.2225
193.1974,46.11306
193.1947,46.11061
167.9932,45.53922
168.3418,45.483
177.9258,46.53842
171.8051,46.42517
196.1645,47.11797
160.122,45.2933
166.754,47.07447
177.8451,48.16125
195.3193,48.06017
204.8371,45.38536
216.1698,42.67331
209.1503,44.94167
202.2791,46.79322
200.6639,47.31758
200.6629,47.31739
182.4519,11.26664
173.8641,11.52608
174.0558,11.5645
177.2758,12.44972
178.383,12.56778
196.0324,11.13303
203.1,11.10567
204.765,11.96358
175.121,43.58831
176.1081,43.69567
183.8298,44.15445
153.062,39.64258
175.634,44.60953
175.953,44.51155
198.4726,44.18275
231.9109,34.20386
186.1046,45.27769
187.01,45.24692
187.0087,45.24911
165.0002,43.94889
180.3793,45.62517
193.255,45.42378
200.252,44.62697
210.9757,42.62842
165.457,44.44855
209.1636,43.58561
161.8301,41.40978
193.4716,43.445
202.8845,42.44506
160.7751,41.56486
162.091,41.91714
168.4443,43.10756
178.7482,44.13753
210.815,41.60678
221.1012,38.65545
162.9592,43.016
162.959,43.01897
187.9732,45.077
191.9753,44.86456
228.3745,36.07878
170.968,44.62719
172.9635,44.89683
187.5574,45.59328
204.1943,43.84139
213.8896,41.86256
224.8221,38.18703
177.4919,45.78089
177.4948,45.78183
177.4919,45.78353
190.9662,45.88867
199.3601,44.94742
199.361,44.94595
199.3652,44.94886
201.768,44.64567
204.4178,44.19353
157.992,10.23647
193.7728,11.34692
154.79,10.22061
159.1837,10.65783
174.9922,11.82622
157.819,11.14903
201.7787,11.77425
204.3137,11.66156
204.3146,11.66047
212.6497,10.93833
236.7462,7.731555
154.2492,11.01797
163.3839,12.06075
165.7535,12.09558
175.0778,12.55844
194.6176,12.60864
237.6665,7.958389
246.3465,6.341111
163.6333,12.48308
163.6367,12.48281
209.5158,12.15061
210.3026,12.06667
217.6641,11.26489
227.2823,9.956833
165.064,12.88369
211.6417,48.08172
208.168,49.78261
166.7746,39.84514
187.651,41.64464
166.3558,40.53664
175.171,42.15694
189.0822,42.59408
200.3988,41.61928
165.752,41.32572
169.0871,42.01561
181.4815,43.40828
189.0853,43.32925
201.6591,42.24725
201.6613,42.24881
194.2838,6.238
177.2085,7.133167
182.831,7.128361
183.1952,7.13975
173.3292,7.508555
196.2278,7.547694
210.8528,6.944417
172.2863,7.883472
172.2888,7.881472
196.1167,7.928
208.5798,7.384361
169.0839,8.224305
178.1288,8.49475
178.5981,8.471778
189.1385,8.473945
185.848,6.600945
196.3653,7.633528
190.0958,8.176222
190.0978,8.178861
190.7935,8.163667
190.7934,8.162389
168.3881,40.34719
168.7008,40.29728
206.8622,39.30405
176.2578,41.63581
212.2832,38.67406
214.3305,38.10786
227.5548,33.49725
200.1877,41.427
200.4145,41.28316
201.1789,41.21458
170.581,41.99822
170.5811,41.99905
207.452,40.53939
207.4545,40.53745
212.208,39.6053
227.6132,34.26628
195.5205,42.80514
182.3575,38.90725
139.9711,29.93833
178.8274,39.15736
234.9772,27.46667
142.5099,31.40631
144.8323,32.30575
197.4539,39.09264
228.3537,30.95844
228.3508,30.96031
232.4535,29.20208
232.5777,29.21095
235.0226,28.07953
242.2289,24.14461
245.7852,21.92122
140.4547,31.01606
158.1769,37.04003
170.7986,39.26503
195.2255,39.66189
129.747,26.137
129.7172,26.06953
129.7186,26.07039
186.5359,40.60883
239.9484,26.38197
150.6409,35.83292
151.9262,36.21008
238.303,27.63339
207.7749,8.345305
211.8557,8.061722
207.478,8.676556
213.4405,8.218695
213.4411,8.217417
194.6045,9.783916
196.715,9.641361
207.9848,9.152
208.4342,9.035778
208.524,9.165083
219.2098,8.103723
231.1517,6.880583
242.7065,5.262583
191.2368,10.27419
227.3351,7.63875
198.7471,10.37897
221.9883,8.808
224.7547,8.449417
230.6248,7.874528
197.63,10.96522
200.2822,10.77094
221.2964,45.69831
250.5612,27.69631
229.5268,42.74378
229.52,42.74611
231.5257,41.67067
238.9762,37.38908
249.9343,28.87325
200.8198,52.65372
232.3966,36.19205
242.9352,29.74825
242.9388,29.74719
256.9468,18.34775
239.6563,32.46053
246.6529,27.52794
243.9278,33.40036
240.7311,36.34992
249.5368,29.30386
234.6328,40.82878
240.6364,37.58147
226.7499,65.66842
226.2134,66.85883
229.6897,66.75095
230.5502,66.47019
132.1795,16.73728
134.993,17.81944
150.2848,22.40567
139.8609,20.16456
117.632,11.80211
130.2001,17.30519
141.4123,18.55386
173.5499,18.60786
172.1418,19.06933
189.6913,19.51117
189.6891,19.51139
173.6447,20.4712
3.629,15.81867
174.5009,48.43858
184.6765,48.75253
166.706,47.85331
176.2171,49.31556
168.4277,48.97406
155.9656,46.63208
181.4655,50.911
186.3422,50.85786
164.2247,44.6432
133.6041,33.65031
144.8605,39.2928
130.3686,32.2798
130.901,32.39217
133.4725,33.93081
126.521,30.09761
170.3244,46.79836
133.4776,35.14561
133.4767,35.15189
220.2289,40.77945
219.6678,41.34172
211.906,44.48197
222.9124,41.18503
216.0594,43.76383
194.2013,48.29694
157.5527,-0.8434167
185.6632,-0.9801389
199.8201,-0.9201111
204.0587,-1.038139
204.0611,-1.040222
206.8281,-0.8980833
139.4387,-0.5623333
153.2365,-0.4649167
153.2372,-0.4691389
167.7298,-0.4801111
192.9851,-0.5967778
193.3432,-0.4285555
193.348,-0.4229445
197.8878,-0.6072778
197.8857,-0.6089444
213.1038,-0.6253889
213.1037,-0.6276667
232.8874,-0.5263056
232.8885,-0.5265555
125.9133,-0.1758611
126.3266,-0.1973056
165.5537,-0.03861111
218.2942,-0.1353889
149.3458,0.3291389
154.4751,0.3224444
164.2456,0.3745
175.4571,0.2170278
217.6782,0.2544167
218.0675,0.3801389
227.2722,0.3949444
231.345,0.3385
149.387,0.6678333
185.9128,0.7258056
201.7327,0.6983333
204.9902,0.8308055
204.9942,0.8351945
207.2548,0.6895
230.6765,0.6925833
193.5077,1.134028
146.3738,-0.3684444
145.2754,-0.4734722
145.252,0.1264722
148.1454,0.2499444
153.7297,0.5603611
155.5307,-0.07097222
154.1528,-0.9928333
154.1693,0.4658333
154.5349,0.44525
154.4738,0.3225
155.2852,0.6408055
158.952,0.5835
160.3135,-1.123528
158.9492,0.5851111
160.6758,0.6801389
161.2878,0.07591667
160.9967,-0.58825
160.9665,1.061694
160.6759,0.6813055
161.2628,0.5378056
161.265,0.4343889
162.3569,1.011333
163.6971,-0.2076944
163.3848,-0.9601667
162.5278,-0.52775
162.6057,-0.3364444
166.0197,1.077
168.9559,0.8604167
169.6184,-0.5521666
170.4775,0.5624722
170.6966,-0.6895834
171.6209,0.9831111
172.9467,0.9323611
173.8217,-0.9759722
172.9473,0.9310278
174.4465,0.6641389
175.1649,-0.306
174.9378,0.97925
175.4568,0.216
175.6977,0.4081389
177.1423,0.3201111
177.4271,-0.6595833
178.1108,-0.1084444
180.7685,-0.1243056
179.8478,-1.237917
179.2287,0.7239166
182.2433,-0.6026945
180.2101,0.4565833
181.8428,1.137833
182.5248,0.4445278
183.4385,-0.8345556
185.9118,0.7256944
187.2972,1.120139
188.221,-0.7585833
189.2343,0.7123333
191.1925,-1.019306
191.545,-0.3280556
191.438,1.081528
193.3494,-0.42325
193.9154,0.1747778
194.9536,0.2291667
197.0885,-1.218833
197.2887,-0.6133889
197.113,1.036806
197.3147,0.9446389
197.2911,-0.6140556
199.2559,0.7526944
202.6333,-0.6037778
201.7315,0.6973333
204.051,-1.031444
202.0722,0.28875
205.6053,-0.9579167
205.3559,-1.041861
207.9849,0.5511111
213.0955,-0.1631389
212.7701,-0.3185
213.6978,-0.003111111
214.509,0.4842222
213.6965,-0.003666667
215.6151,0.05905556
216.9807,-0.5616389
218.2957,-0.1355278
216.9792,-0.5625278
217.1185,0.9347778
220.0485,-0.7533056
220.1913,0.2918333
223.936,0.8661111
226.4486,-0.04163889
225.6248,0.1273611
227.192,0.1153333
230.3515,0.1171111
230.9341,-0.8317222
231.3453,0.3377778
174.2538,-3.639028
174.1606,-3.021806
173.4978,-3.606389
174.0447,-1.417583
175.674,-3.657278
175.151,-3.432833
175.4369,-2.741306
175.9292,-2.234972
177.095,-3.267083
176.7377,-3.366417
175.4389,-2.741583
177.0204,-1.872889
178.3752,-3.714444
178.4957,-2.792
178.8926,-1.354528
185.0231,-2.937083
188.3036,-2.769972
185.653,-2.95725
189.3194,-3.722167
190.055,-2.010028
190.6356,-2.31825
190.2638,-1.284917
192.0914,-2.647389
190.2652,-1.286056
191.1611,-2.118389
191.3009,-1.962306
193.5495,-3.272333
193.2247,-3.303083
191.8757,-3.020861
193.707,-2.623361
194.8214,-1.572972
197.0453,-3.431833
196.2306,-3.287778
195.978,-3.108861
196.5854,-2.600472
198.815,-2.125
201.063,-3.416611
199.9519,-1.434583
200.324,-1.536694
236.1663,-0.4187778
256.2785,62.86192
260.7886,64.45889
259.863,65.88214
253.0754,62.0827
259.3117,59.25008
256.4316,58.30594
260.2874,58.36686
259.3042,56.75517
261.1564,56.47714
261.1589,56.47744
262.0993,57.54539
261.1385,53.98344
261.3128,54.028
327.1288,-1.253722
330.4686,-1.170667
329.1354,0.7666389
329.4119,0.07136111
333.0853,0.5606111
335.9932,-0.8237778
339.608,-0.7183055
338.7785,-0.5738333
347.9765,-0.5790833
347.4796,0.3635556
349.6584,-1.225694
347.9774,-0.5798333
350.602,1.086833
355.6101,0.4845278
358.542,0.3828611
0.7044584,0.7513334
2.137,1.038917
2.932,0.5229167
2.786792,0.8454722
4.617917,-0.5695834
4.622875,-0.5392222
2.546458,-0.2418889
2.115875,-0.004916667
4.617042,-0.5701111
5.536833,0.3674445
7.585583,-1.112722
7.23075,-0.07219444
7.4185,-0.4151945
7.189917,-0.05952778
7.84475,0.3613333
11.61537,-1.0605
12.80879,0.3470278
13.06208,0.583
16.25629,-1.206722
17.37504,-0.3077778
18.92117,-0.1409722
21.47462,-0.8030834
20.57546,1.007167
26.26362,-0.3000278
26.08946,-0.6091945
24.82187,0.3343611
25.85079,0.8359166
28.3705,0.83
28.43262,0.1838333
29.56812,-0.5218889
35.76088,-0.1422222
35.4585,-0.115
37.65059,0.9114444
46.36234,0.8625
47.20925,0.5656667
50.18887,-1.053944
53.055,0.2629722
52.99812,0.1809722
53.47692,-0.7405
53.55075,1.174694
54.39029,0.1448056
8.006583,14.32681
12.41392,13.68525
17.30375,14.89853
18.20596,15.50769
18.49562,14.012
18.14808,14.0125
18.20771,15.50542
19.87942,14.91053
19.87833,14.91069
21.20888,14.65875
22.16612,14.76494
22.65733,13.21444
22.13746,15.43483
22.16804,14.76831
26.30762,14.42625
28.62171,14.1955
114.5022,38.31128
115.2253,40.06767
115.346,37.55975
119.0502,39.91183
117.4149,39.72133
119.4464,41.34322
118.884,44.803
120.1042,42.35944
119.5631,42.2687
120.9319,42.91136
119.8297,46.90717
120.435,47.06725
121.2075,47.57136
122.8673,43.55867
121.8669,45.22433
122.2308,45.14564
123.2208,45.27356
121.7355,48.51905
123.4479,49.68605
124.053,50.3575
124.2901,47.03322
127.3156,50.75436
125.0,50.17661
124.0556,50.35761
125.7629,52.39292
126.9609,47.49878
128.4152,51.86942
127.1023,53.13694
127.5148,53.35606
130.6985,49.94933
129.7949,50.20044
127.3173,50.75467
127.8324,50.9258
130.8915,51.13422
131.5553,53.44328
130.7864,51.67967
131.5547,53.44389
132.9693,52.47583
134.592,54.96975
133.7979,54.92831
133.9212,57.57297
133.7408,54.55283
134.5916,54.96825
135.0985,53.77203
141.9902,56.27122
143.4845,58.541
144.202,59.06958
144.2008,59.06981
147.2284,59.56072
147.3331,59.87264
36.38604,-7.42375
38.63979,-9.204389
42.22517,-9.077222
44.46437,-8.204223
46.67838,-7.973444
53.52904,-7.181472
52.6685,-7.461444
57.27304,-5.221833
59.39475,-6.089778
59.19404,-5.275694
59.58267,-5.538861
130.3962,1.032306
132.3873,1.693111
132.8466,-0.3635556
132.9914,-0.0865
133.6175,1.202028
135.1411,0.7601666
133.6164,1.196944
135.1205,1.28725
136.9486,-0.09930556
135.1445,0.7579722
139.4381,-0.5630278
140.5918,2.587167
141.2087,1.849944
141.7107,1.015583
142.8662,1.991556
144.9164,-0.2353056
145.5375,2.470194
145.8925,1.117722
146.0746,2.827417
145.7193,1.869306
146.9692,2.204195
146.9698,2.203056
148.1657,2.595639
138.7905,59.75286
139.1835,59.77464
138.5143,60.28378
142.2646,61.11697
143.965,61.35317
142.2677,61.11639
163.5865,65.41844
162.6906,66.69636
170.695,66.39072
183.6116,68.35658
188.3134,67.12869
191.942,66.63231
190.8154,67.02567
197.0211,68.27267
201.098,65.40694
201.29,65.85214
199.6511,66.88397
205.2047,65.82391
206.087,66.62156
210.639,64.4407
210.4552,66.31245
212.1413,65.97486
216.7502,62.88828
215.8362,63.86314
214.9361,64.05103
150.3606,1.361639
151.1085,2.017889
151.4459,2.246611
151.4461,2.244139
155.3658,1.882333
154.3409,2.02525
153.8419,1.756139
154.9304,2.120972
156.0637,2.893945
156.0628,2.890944
159.1328,2.36225
159.3485,2.312639
160.1344,2.490944
162.7159,1.167056
164.0711,2.64675
166.4464,2.439861
167.5233,3.476694
167.8055,3.322972
167.5797,1.937639
171.3215,2.446917
171.2437,2.663833
171.097,2.55425
172.0804,1.22075
172.3296,3.265833
171.9232,2.815778
172.462,3.316167
173.4395,2.683
180.1873,1.861556
180.008,2.57175
180.3424,3.722472
183.442,2.811528
183.7963,3.715389
187.0269,1.574111
185.6454,1.751583
187.027,1.572528
189.1306,1.833944
189.648,3.428167
189.9849,3.339778
191.3635,3.529889
195.0949,2.809583
197.1152,3.224333
197.1586,1.270139
200.159,1.291472
200.8401,1.941722
202.3815,2.451694
204.7073,1.740917
203.6444,2.320583
203.3369,1.4175
204.4868,2.727472
205.0108,3.376306
204.4869,2.725611
207.9333,1.711417
209.7564,2.42275
212.261,3.191556
212.81,2.289472
212.7642,3.054917
221.5357,0.8643333
225.3079,1.377778
226.0992,1.930056
113.5018,32.21228
114.5298,34.09011
116.4157,34.23631
117.7531,35.98822
120.5981,38.28528
119.8845,37.88878
121.926,39.8115
121.8971,39.96309
120.6336,41.16183
121.2827,40.9642
121.0945,40.64886
123.016,41.2313
122.9705,40.56361
128.3318,47.84636
129.1868,47.37192
129.1912,47.36947
128.331,47.84514
133.7965,50.50528
133.8107,49.19508
136.6217,51.44878
134.7555,52.0375
136.1279,51.94567
136.8109,52.06406
136.8102,52.06206
141.5815,53.87939
141.787,54.37494
141.8504,54.64475
141.5792,53.87953
141.9916,56.26989
148.7188,56.07967
148.6417,56.5573
148.6365,56.55684
131.7319,3.012028
135.0062,2.733361
140.26,2.692167
139.6311,3.065472
138.1946,2.677528
140.5926,2.585917
140.0955,3.467111
140.3565,3.862028
143.8371,3.060528
142.3135,3.3315
143.4094,4.349389
143.7161,4.313389
147.4036,4.114972
148.0553,4.895611
149.3835,3.077278
153.0034,3.353083
155.8587,4.755805
156.2663,5.071333
160.5931,4.548722
159.8915,3.784972
163.239,4.3415
163.2408,4.516889
163.5766,5.662167
165.2684,4.545917
165.4248,5.741361
167.558,5.366583
212.2615,3.19425
214.2895,3.888306
214.4977,4.766417
214.4495,4.539834
216.7372,4.430389
217.364,4.048222
216.9278,5.055139
216.7364,4.431389
219.5523,3.836444
218.0473,3.448111
218.0292,3.686139
222.079,3.814972
224.0973,3.354805
222.0803,3.808389
223.702,4.419361
226.194,4.374195
227.217,3.068444
227.5028,4.038139
227.7226,4.208055
229.1245,2.973639
230.0972,4.161667
233.2323,3.770444
233.5667,3.992944
239.9483,2.690083
238.7977,2.893639
166.8052,65.10183
175.901,63.61167
177.6282,65.74097
188.221,64.14561
191.0275,65.49033
195.0003,64.57298
191.1282,65.22275
195.003,64.5735
200.6839,63.62358
201.0925,65.40694
212.5018,61.21322
212.4035,61.20075
215.3273,63.21544
217.0542,61.18767
219.2218,62.05556
221.6134,63.50697
226.493,58.53661
224.8369,59.85006
227.8786,60.95664
226.6275,60.59319
223.4238,61.22164
226.105,62.60733
227.8709,56.22155
231.699,59.26292
230.6958,59.35255
227.8742,60.95794
231.4748,60.11328
232.7389,54.69183
232.0871,57.04586
231.7039,59.26331
233.5638,58.38245
233.7007,58.46597
234.7987,53.13178
236.1892,54.26731
235.5802,55.23706
234.7898,56.90453
238.2944,56.84833
238.2861,54.14728
238.2564,55.67283
240.7796,52.55375
241.2074,53.43992
241.9152,48.5745
241.3692,48.92461
241.5668,48.94461
242.6815,49.26561
243.5621,50.50528
243.3757,51.05989
242.9201,52.45747
244.7649,46.5568
243.7404,46.72925
245.8777,48.0145
247.1285,47.49764
246.0505,49.48447
247.3411,48.86972
247.4503,49.08144
247.8919,49.25778
249.272,44.236
246.5302,44.57206
248.3483,47.31639
248.4678,47.99533
249.3721,46.89839
249.7679,47.43889
249.7543,41.04072
248.8936,43.02919
251.9366,38.97114
251.6217,39.3742
251.3305,40.16245
252.0696,40.86925
253.7519,39.14483
255.1015,38.3517
255.1033,38.35431
254.7461,39.39997
311.593,-6.179806
311.5239,-7.161833
315.5477,-7.295361
320.0237,-8.3305
318.6942,-5.954333
324.3285,-7.690084
328.2738,-8.868139
327.4527,-6.896139
328.2971,-7.592667
352.2549,-8.947278
355.3708,-10.72436
354.151,-11.04517
355.6038,-9.2745
356.9464,-11.11317
355.3706,-10.72578
355.6026,-9.272305
359.2271,-10.26872
358.5551,-10.38639
357.5893,-8.884916
358.7481,-9.247056
359.6131,-9.45475
359.2263,-10.26814
359.6121,-9.453611
1.491667,-9.354944
10.07117,-10.95761
11.47462,-10.371
12.96967,-9.015388
15.43154,-10.11903
18.53933,-9.36325
20.52246,-10.183
19.64325,-10.90208
19.78154,-8.486
23.19838,-8.421056
25.42058,-8.566417
26.20204,-10.45744
26.96588,-8.616694
28.9645,-8.933056
30.66162,-9.370389
32.29742,-9.546361
32.33683,-10.13308
329.5311,-9.433528
331.5319,-9.4645
330.7299,-8.594778
329.7756,-9.295195
334.3029,-9.071278
332.7625,-8.789361
335.8397,-8.939834
335.7033,-9.037333
340.5073,-8.774333
342.4995,-9.732583
347.117,-9.521277
345.534,-10.14783
347.1169,-9.522278
315.9965,9.742805
317.3455,11.37036
318.5107,11.00217
318.5306,10.60956
320.7945,9.859639
321.3172,9.984305
323.1689,10.11717
326.3755,11.73439
326.3767,11.73436
332.9272,12.36189
330.9791,12.69794
334.9467,12.57681
333.6979,12.73883
334.5432,13.97717
335.3534,13.76875
335.2229,13.44447
338.5141,13.55742
338.8127,14.06911
338.8087,14.07061
339.3683,14.03342
342.098,12.92056
344.0348,13.06053
343.9143,13.84272
347.4936,13.67806
346.8721,14.83256
348.9948,14.09322
347.4925,13.67856
352.6552,13.88461
354.4238,13.84233
354.0535,15.00681
355.6691,13.6095
359.2926,14.28592
0.08433333,14.18608
359.9447,14.41689
359.3885,13.95958
0.6137083,16.07847
0.7842917,15.56356
3.629792,15.81728
119.245,34.09283
118.4425,34.276
119.1856,34.51817
119.0663,35.94567
119.371,35.18497
118.2902,35.93267
121.147,36.61989
123.8141,38.56384
123.6277,38.32039
123.6517,38.56472
122.504,38.09036
122.4688,38.17803
122.4295,39.51595
122.83,39.50845
123.9639,40.70856
129.6023,44.2173
132.4995,45.31108
132.46,45.47036
131.584,47.15633
134.8257,49.21942
135.8395,49.28733
138.8258,49.71819
140.6227,50.43014
146.9955,54.49628
151.6841,59.1105
150.4835,59.85503
156.1601,61.17664
157.1664,61.30603
156.9739,63.06044
158.2914,62.90764
169.8647,61.05436
172.8965,61.838
174.3018,61.21011
170.8536,61.77611
180.5271,61.59941
178.0995,61.26811
177.0981,63.54022
179.2766,63.57358
182.5563,61.80625
180.5243,61.59825
184.374,63.51719
189.069,62.944
193.1345,62.26328
189.0677,62.94475
193.1368,62.26425
195.3367,63.26006
195.3347,63.26039
198.8961,62.12461
199.5246,61.10425
203.7049,62.22469
205.5848,61.81078
205.5827,61.80953
206.6515,60.313
212.4982,59.19275
217.4143,57.7542
216.9622,58.04894
217.762,59.83658
219.8847,57.48933
219.6802,57.29797
221.1129,55.96489
222.8949,55.6237
224.462,56.09158
228.0728,53.92661
225.3655,55.526
225.3937,54.79172
225.9829,56.0093
234.6347,51.00397
232.8915,51.42625
237.4639,48.04639
236.6154,48.82458
240.5395,47.69844
240.8411,48.26664
241.0179,47.95697
242.6991,44.77025
245.9084,41.70631
247.4942,42.5477
247.6531,40.13156
247.4919,40.62856
250.0072,40.68667
249.5854,40.81853
255.2985,35.854
124.8805,36.44497
126.4426,37.43458
130.2209,38.64753
129.5719,38.81697
128.911,39.55703
132.6895,40.17844
132.7385,40.19292
130.5448,40.75594
132.2637,40.678
133.7213,40.47528
